Designator,Mid X,Mid Y,Layer,Rotation
"J1",54.000000,-100.000000,top,-90.000000
"J2",129.000000,-100.000000,top,90.000000
"SW1",73.700000,-91.100000,top,0.000000
